{
	"Version": 3,
	"Meta": {
		"Duration": 1.833,
		"Fps": 30.0,
		"Loop": true,
		"AreBeziersRestricted": true,
		"CurveCount": 3,
		"TotalSegmentCount": 12,
		"TotalPointCount": 33,
		"UserDataCount": 0,
		"TotalUserDataSize": 0
	},
	"Curves": [
		{
			"Target": "Parameter",
			"Id": "Param_weiba",
			"Segments": [
				0,
				0,
				1,
				0.111,
				0,
				0.222,
				-21,
				0.333,
				-21,
				1,
				0.644,
				-21,
				0.956,
				-21,
				1.267,
				-21,
				1,
				1.389,
				-21,
				1.511,
				0,
				1.633,
				0,
				0,
				1.833,
				0
			]
		},
		{
			"Target": "Parameter",
			"Id": "Param_youer",
			"Segments": [
				0,
				0,
				1,
				0.111,
				0,
				0.222,
				-25,
				0.333,
				-25,
				1,
				0.644,
				-25,
				0.956,
				-25,
				1.267,
				-25,
				1,
				1.389,
				-25,
				1.511,
				0,
				1.633,
				0,
				0,
				1.833,
				0
			]
		},
		{
			"Target": "Parameter",
			"Id": "Param_zuoer",
			"Segments": [
				0,
				0,
				1,
				0.111,
				0,
				0.222,
				-30,
				0.333,
				-30,
				1,
				0.644,
				-30,
				0.956,
				-30,
				1.267,
				-30,
				1,
				1.389,
				-30,
				1.511,
				0,
				1.633,
				0,
				0,
				1.833,
				0
			]
		}
	]
}