{
	"Version": 3,
	"Meta": {
		"Duration": 2.697,
		"Fps": 17.80001449584961,
		"Loop": true,
		"AreBeziersRestricted": true,
		"CurveCount": 7,
		"TotalSegmentCount": 15,
		"TotalPointCount": 52,
		"UserDataCount": 0,
		"TotalUserDataSize": 0
	},
	"Curves": [
		{
			"Target": "Parameter",
			"Id": "ParamAngleX",
			"Segments": [
				0,
				-30,
				1,
				0.487,
				-30,
				0.974,
				-30,
				1.461,
				-30,
				1,
				1.873,
				-30,
				2.285,
				-30,
				2.697,
				-30
			]
		},
		{
			"Target": "Parameter",
			"Id": "ParamBodyAngleX",
			"Segments": [
				0,
				10,
				1,
				0.487,
				10,
				0.974,
				10,
				1.461,
				10,
				1,
				1.873,
				10,
				2.285,
				10,
				2.697,
				10
			]
		},
		{
			"Target": "Parameter",
			"Id": "ParamEyeLOpen",
			"Segments": [
				0,
				0.1,
				1,
				0.487,
				0.1,
				0.974,
				0.3,
				1.461,
				0.3,
				1,
				1.873,
				0.3,
				2.285,
				0.1,
				2.697,
				0.1
			]
		},
		{
			"Target": "Parameter",
			"Id": "ParamEyeROpen",
			"Segments": [
				0,
				1,
				1,
				0.487,
				1,
				0.974,
				0.6,
				1.461,
				0.6,
				1,
				1.873,
				0.6,
				2.285,
				1,
				2.697,
				1
			]
		},
		{
			"Target": "Parameter",
			"Id": "Param_weiba",
			"Segments": [
				0,
				-30,
				1,
				0.243,
				-30,
				0.487,
				30,
				0.73,
				30,
				1,
				0.974,
				30,
				1.217,
				22.856,
				1.461,
				8,
				1,
				1.873,
				-17.14,
				2.285,
				-30,
				2.697,
				-30
			]
		},
		{
			"Target": "Parameter",
			"Id": "Param_youer",
			"Segments": [
				0,
				24,
				1,
				0.487,
				24,
				0.974,
				18,
				1.461,
				18,
				1,
				1.873,
				18,
				2.285,
				24,
				2.697,
				24
			]
		},
		{
			"Target": "Parameter",
			"Id": "Param_zuoer",
			"Segments": [
				0,
				26,
				1,
				0.487,
				26,
				0.974,
				20,
				1.461,
				20,
				1,
				1.873,
				20,
				2.285,
				26,
				2.697,
				26
			]
		}
	]
}