{
	"Version": 3,
	"FileReferences": {
		"Moc": "yehu.moc3",
		"Textures": [
			"yehu.1024/texture_00.png"
		],
		"Physics": "yehu.physics3.json",
		"Motions": {
			"ye": [
				{
					"File": "motions/chuier.motion3.json",
				},{
					"File": "motions/normal.motion3.json",
					"FadeInTime": 0.5,
					"FadeOutTime": 0.5
				}
			]
		},
		"DisplayInfo": "yehu.cdi3.json"
	},
	"Groups": [
		{
			"Target": "Parameter",
			"Name": "EyeBlink",
			"Ids": []
		},
		{
			"Target": "Parameter",
			"Name": "LipSync",
			"Ids": []
		}
	]
}